{
  "split": "train",
  "total_samples": 4376,
  "already_extracted": 3771,
  "newly_extracted": 605,
  "failed": 0,
  "total_frames": 83562,
  "total_processing_time": 4949.71405506134,
  "total_wall_time": 4954.566461801529,
  "average_fps": 16.882187348692092,
  "batch_size": 16,
  "feature_dims": 333,
  "device": "cuda",
  "timestamp": "2025-10-16T09:56:58.941772"
}